punkt,godzina_od,LAeq_1h_z_surowych_dB,LAeq_1h_protokol_dB,roznica_dB,L95_z_surowych_dB,L95_protokol_dB,max_LAeq_1s_dB,min_liczba_sekund_do_usuniecia,najglosniejsze_sekundy
PPH2.43,12,69.2,69.1,0.1,57.4,57.4,88.6,0,
PPH2.43,13,73.2,70.0,3.2,57.7,57.6,99.6,17,"13:03:44=99.6, 13:03:43=98.6, 13:03:45=96.0, 13:18:52=95.6"
PPH2.43,14,72.4,70.1,2.3,58.7,58.6,93.0,30,"14:27:46=93.0, 14:27:49=92.9, 14:27:48=92.9, 14:35:34=92.6"
PPH2.43,15,69.9,69.1,0.8,57.5,57.4,95.9,4,"15:00:41=95.9, 15:00:39=90.5, 15:00:40=86.9, 15:50:34=86.7"
PPH2.43,16,69.9,69.9,0.0,58.4,58.3,85.9,0,
PPH2.43,17,70.8,70.0,0.8,58.1,58.0,91.3,8,"17:38:33=91.3, 17:38:31=90.9, 17:38:32=89.9, 17:38:30=89.7"
PPH2.43,18,70.1,68.9,1.2,57.7,57.6,96.1,5,"18:14:26=96.1, 18:14:24=93.1, 18:14:25=91.9, 18:48:33=86.5"
PPH2.43,19,68.8,68.8,-0.0,56.6,56.5,85.3,0,
PPH2.43,20,71.6,68.0,3.6,55.2,55.1,100.5,7,"20:53:20=100.5, 20:53:17=98.9, 20:53:19=98.0, 20:53:21=93.7"
PPH2.43,21,68.2,68.2,0.0,52.7,52.7,89.7,0,
PPH2.43,22,67.8,67.8,-0.0,50.7,50.6,87.0,0,
PPH2.43,23,62.5,62.5,0.0,43.5,43.4,83.6,0,
PPH2.43,0,60.4,59.8,0.6,42.4,42.3,86.2,2,"00:26:17=86.2, 00:58:41=83.6"
PPH2.43,1,55.9,55.9,-0.0,39.1,39.0,73.2,0,
PPH2.43,2,66.9,57.0,9.9,38.6,38.6,90.0,404,"02:07:50=90.0, 02:07:48=89.1, 02:07:49=89.0, 02:07:47=86.7"
PPH2.43,3,57.3,57.1,0.2,38.7,38.6,75.4,0,
PPH2.43,4,62.8,62.8,-0.0,40.4,40.3,83.9,0,
PPH2.43,5,68.0,68.0,-0.0,46.9,46.8,86.7,0,
PPH2.43,6,69.4,69.4,-0.0,53.9,53.7,84.7,0,
PPH2.43,7,69.6,69.6,-0.0,60.4,60.3,86.6,0,
PPH2.43,8,72.1,70.8,1.3,59.2,59.2,96.0,8,"08:56:45=96.0, 08:56:46=95.6, 08:56:44=93.6, 08:06:03=92.0"
PPH2.43,9,69.6,69.6,0.0,59.2,59.0,85.1,0,
PPH2.43,10,69.1,69.1,0.0,57.6,57.5,91.7,0,
PPH2.43,11,68.2,68.2,-0.0,57.5,57.5,84.2,0,
PPH3.05,12,69.3,69.3,0.0,57.6,57.6,86.0,0,
PPH3.05,13,72.7,72.7,-0.0,58.6,58.6,101.0,0,
PPH3.05,14,72.9,72.9,-0.0,59.0,59.0,97.9,0,
PPH3.05,15,68.9,68.9,0.0,58.6,58.6,86.7,0,
PPH3.05,16,73.3,73.3,-0.0,59.0,59.0,97.9,0,
PPH3.05,17,71.2,71.2,-0.0,58.6,58.6,95.8,0,
PPH3.05,18,69.1,69.1,0.0,57.7,57.7,87.6,0,
PPH3.05,19,68.5,68.5,-0.0,56.2,56.2,86.9,0,
PPH3.05,20,69.3,69.3,0.0,56.4,56.4,89.1,0,
PPH3.05,21,68.3,68.3,-0.0,54.2,54.2,89.6,0,
PPH3.05,22,67.9,67.9,0.0,49.9,49.9,87.2,0,
PPH3.05,23,64.8,64.8,-0.0,45.0,45.0,86.4,0,
PPH3.05,0,61.1,58.7,2.4,39.9,39.9,88.4,12,"00:19:37=88.4, 00:19:38=87.1, 00:19:39=83.7, 00:19:34=81.1"
PPH3.05,1,63.9,57.7,6.2,37.9,37.9,85.8,79,"01:57:57=85.8, 01:20:15=85.2, 01:58:04=84.3, 01:58:05=84.0"
PPH3.05,2,57.2,57.2,0.0,36.0,36.0,80.8,0,
PPH3.05,3,62.7,58.2,4.5,36.0,36.0,81.8,143,"03:04:57=81.8, 03:04:46=81.6, 03:05:01=81.2, 03:04:45=80.6"
PPH3.05,4,62.8,62.8,0.0,40.8,40.8,83.4,0,
PPH3.05,5,68.1,68.1,0.0,51.5,51.5,86.6,0,
PPH3.05,6,69.4,69.4,-0.0,56.8,56.8,85.7,0,
PPH3.05,7,69.9,69.9,-0.0,59.1,59.1,89.7,0,
PPH3.05,8,69.4,69.4,-0.0,58.6,58.6,89.6,0,
PPH3.05,9,69.6,69.6,0.0,58.3,58.3,86.6,0,
PPH3.05,10,69.7,69.7,-0.0,56.9,56.9,92.0,0,
PPH3.05,11,68.7,68.7,0.0,57.0,57.0,85.3,0,
PPH3.58,17,72.2,69.1,3.1,61.8,61.8,100.2,20,"17:38:47=100.2, 17:38:46=99.1, 17:38:48=92.3, 17:08:59=91.5"
PPH3.58,18,69.3,69.3,0.0,61.1,61.1,89.5,0,
PPH3.58,19,68.4,68.4,-0.0,60.6,60.6,84.6,0,
PPH3.58,20,69.3,69.3,-0.0,59.6,59.6,90.4,0,
PPH3.58,21,68.8,68.8,-0.0,57.6,57.6,87.1,0,
PPH3.58,22,67.2,67.2,-0.0,53.6,53.6,91.4,0,
PPH3.58,23,63.4,63.4,0.0,44.8,44.8,78.6,0,
PPH3.58,0,61.7,61.7,0.0,42.8,42.8,80.2,0,
PPH3.58,1,58.9,58.9,0.0,36.8,36.8,76.4,0,
PPH3.58,2,68.5,59.0,9.5,36.5,36.5,90.1,218,"02:15:03=90.1, 02:15:12=88.9, 02:15:07=88.8, 02:15:08=88.7"
PPH3.58,3,59.9,59.9,0.0,35.2,35.2,77.4,0,
PPH3.58,4,63.4,63.4,0.0,39.9,39.9,78.3,0,
PPH3.58,5,67.2,67.2,-0.0,50.6,50.6,79.8,0,
PPH3.58,6,70.0,69.0,1.0,58.3,58.3,86.9,74,"06:12:31=86.9, 06:35:07=85.2, 06:12:30=83.9, 06:58:16=83.3"
PPH3.58,7,69.3,69.3,-0.0,62.6,62.6,84.9,0,
PPH3.58,8,74.6,70.0,4.6,62.7,62.7,102.9,23,"08:57:06=102.9, 08:57:07=102.6, 08:57:08=97.7, 08:06:24=96.6"
PPH3.58,9,69.0,69.0,0.0,61.7,61.7,86.5,0,
PPH3.58,10,69.5,68.8,0.7,62.2,62.2,92.2,5,"10:50:22=92.2, 10:50:23=89.8, 10:50:21=89.0, 10:50:24=88.6"
PPH3.58,11,69.2,69.2,0.0,62.1,62.1,96.2,0,
PPH3.58,12,73.9,68.2,5.7,61.9,61.9,101.8,74,"12:40:18=101.8, 12:40:17=100.0, 12:40:16=97.0, 12:17:00=96.9"
PPH3.58,13,68.6,68.6,-0.0,62.7,62.7,84.4,0,
PPH3.58,14,73.6,68.9,4.7,62.4,62.4,100.8,22,"14:42:58=100.8, 14:42:57=100.6, 14:42:56=98.9, 14:42:55=97.0"
PPH3.58,15,72.0,68.5,3.5,62.5,62.5,100.4,9,"15:45:35=100.4, 15:45:34=100.0, 15:45:36=98.1, 15:45:33=91.9"
PPH3.58,16,68.2,68.7,-0.5,61.5,62.1,85.8,0,
