punkt,lp,godzina_protokol,typ_taboru,predkosc_kmh,uwagi_protokol,LAEk_protokol_dB,max_LAeq_0_5s_w_minucie_dB,czas_max,czas_zdarzenia_10dB_s,LAE_z_surowych_10dB_dB,LAE_calej_minuty_dB,L90_lokalne_dB,roznica_surowe_minus_protokol_dB,w_podzbiorze_czystym
PPH4.16,1,11:43,Mederus Beta,31,,83.7,76.1,11:43:13.2,19.5,84.2,85.4,60.5,0.5,TAK
PPH4.16,2,11:44,Moderus Gamma,49,,89.1,83.2,11:44:22.2,8.0,88.8,90.0,60.6,-0.3,TAK
PPH4.16,3,11:51,Moderus Gamma,22,ZAKŁÓCENIA,,77.3,11:51:00.7,11.0,84.1,85.7,58.9,,NIE
PPH4.16,4,11:57,Solaris Tramino,21,,82.9,75.3,11:57:49.2,13.0,83.0,84.7,57.8,0.1,TAK
PPH4.16,5,12:01,Mederus Beta,25,,85.0,78.0,12:01:11.7,13.0,85.2,86.8,58.3,0.2,TAK
PPH4.16,6,12:04,Moderus Gamma,30,,86.8,80.9,12:04:12.2,8.0,86.6,88.0,57.3,-0.2,TAK
PPH4.16,7,12:05,Moderus Gamma,33,,86.9,78.1,12:05:39.2,17.5,87.0,88.2,58.0,0.1,TAK
PPH4.16,8,12:06,Solaris Tramino,31,,81.0,73.2,12:06:46.7,20.0,81.6,82.6,58.8,0.6,TAK
PPH4.16,9,12:07,Moderus Gamma,33,,85.0,79.2,12:07:17.7,8.0,84.9,86.7,58.5,-0.1,TAK
PPH4.16,10,12:11,Moderus Gamma,32,,87.1,85.7,12:11:42.7,1.5,84.6,92.2,60.9,-2.5,NIE
PPH4.16,11,12:11,Moderus Gamma,25,,88.8,85.7,12:11:42.7,1.5,84.6,92.2,60.9,-4.2,NIE
PPH4.16,12,12:13,Mederus Beta,36,,85.5,78.3,12:13:06.7,11.5,85.3,87.1,60.2,-0.2,TAK
PPH4.16,13,12:15,Moderus Gamma,31,,85.8,78.7,12:15:36.2,11.5,85.6,86.8,59.8,-0.2,TAK
PPH4.16,14,12:19,Moderus Gamma,24,,88.1,81.2,12:19:18.7,11.0,88.1,89.2,59.8,-0.0,TAK
PPH4.16,15,12:22,Mederus Beta,26,,83.9,75.6,12:22:54.2,15.0,83.8,85.7,59.6,-0.1,TAK
PPH4.16,16,12:26,Solaris Tramino,30,,84.4,79.9,12:26:54.2,0.5,76.9,87.2,60.1,-7.5,NIE
PPH4.16,17,12:27,Siemens Combino,25,MIJANIE,,79.1,12:27:42.2,14.0,87.0,88.1,59.1,,NIE
PPH4.16,18,12:27,Moderus Gamma,20,MIJANIE,,79.1,12:27:42.2,14.0,87.0,88.1,59.1,,NIE
PPH4.16,19,12:32,Moderus Gamma,24,,86.8,79.9,12:32:48.2,12.5,86.8,88.3,62.0,-0.0,TAK
PPH4.16,20,12:35,Moderus Gamma,21,,87.5,79.9,12:35:37.7,13.5,87.6,88.8,60.7,0.1,TAK
PPH4.16,21,12:36,Moderus Gamma,22,,87.5,80.6,12:36:29.2,10.5,87.5,88.8,60.1,-0.0,TAK
PPH4.16,22,12:41,Mederus Beta,29,,85.3,77.2,12:41:34.2,14.5,85.3,86.9,59.5,0.0,TAK
PPH4.16,23,12:43,Moderus Gamma,31,,86.8,78.9,12:43:32.7,13.0,86.6,87.5,60.1,-0.2,TAK
PPH4.16,24,12:46,Moderus Gamma,22,MIJANIE,,72.1,12:46:59.7,60.5,89.0,83.5,59.7,,NIE
PPH4.16,25,12:46,Siemens Combino,25,MIJANIE,,72.1,12:46:59.7,60.5,89.0,83.5,59.7,,NIE
PPH4.16,26,12:49,Moderus Gamma,24,,87.6,77.9,12:49:59.2,17.0,87.6,86.2,60.8,0.0,TAK
PPH4.16,27,12:52,Solaris Tramino,25,,84.5,78.2,12:52:54.7,8.5,84.1,85.5,60.0,-0.4,TAK
PPH4.16,28,12:56,Moderus Gamma,31,,88.0,79.7,12:56:19.2,14.5,87.9,88.7,59.5,-0.1,TAK
PPH4.16,29,12:58,Siemens Combino,22,MIJANIE,,80.1,12:58:14.7,16.0,88.2,89.1,59.9,,NIE
PPH4.16,30,12:58,Mederus Beta,25,MIJANIE,,80.1,12:58:14.7,16.0,88.2,89.1,59.9,,NIE
PPH4.16,31,13:00,Moderus Gamma,20,,85.7,102.6,13:00:14.7,4.5,104.7,105.5,58.7,19.0,NIE
PPH4.16,32,13:04,Konstal 105N,19,,83.6,78.7,13:04:58.7,13.5,86.7,88.2,59.6,3.1,TAK
PPH4.16,33,13:04,Moderus Gamma,15,,86.8,78.7,13:04:58.7,13.5,86.7,88.2,59.6,-0.1,TAK
PPH4.16,34,13:06,Moderus Gamma,20,,85.3,77.8,13:06:25.7,14.5,85.1,86.4,60.2,-0.2,TAK
PPH4.16,35,13:11,Solaris Tramino,21,,85.8,79.6,13:11:50.2,10.0,85.5,86.6,59.3,-0.3,TAK
PPH4.16,36,13:12,Konstal 105N,22,,80.9,73.0,13:12:59.2,38.5,86.3,82.9,59.5,5.4,NIE
PPH4.16,37,13:13,Mederus Beta,39,,84.5,75.7,13:13:23.2,21.0,84.6,86.9,60.5,0.1,TAK
PPH4.16,38,13:15,Mederus Beta,11,,86.1,80.4,13:15:22.7,9.0,86.3,88.2,61.1,0.2,TAK
PPH4.16,39,13:16,Moderus Gamma,15,,84.7,68.9,13:16:05.7,60.5,83.7,82.2,60.8,-1.0,NIE
PPH4.16,40,13:20,Moderus Gamma,21,,87.5,79.3,13:20:01.2,15.0,87.4,87.6,60.0,-0.1,TAK
PPH4.16,41,13:23,Moderus Gamma,20,,86.2,79.2,13:23:17.2,12.0,86.3,88.0,60.7,0.1,TAK
PPH4.16,42,13:26,Konstal 105N,21,,84.0,78.3,13:26:51.7,7.0,82.5,87.3,62.6,-1.5,TAK
PPH4.16,43,13:26,Mederus Beta,19,,82.9,78.3,13:26:51.7,7.0,82.5,87.3,62.6,-0.4,TAK
PPH4.16,44,13:28,Siemens Combino,16,,85.5,78.0,13:28:16.7,15.0,85.3,87.5,61.5,-0.2,TAK
PPH4.16,45,13:30,Konstal 105N,15,,82.7,78.5,13:30:19.2,10.5,85.3,87.9,60.5,2.6,TAK
PPH4.16,46,13:30,Moderus Gamma,15,,85.6,78.5,13:30:19.2,10.5,85.3,87.9,60.5,-0.3,TAK
PPH4.16,47,13:32,Konstal 105N,16,,82.0,74.8,13:32:05.2,20.5,83.4,85.2,59.6,1.4,TAK
PPH4.16,48,13:36,Moderus Gamma,15,,87.5,79.1,13:36:04.2,15.0,87.4,87.8,60.0,-0.1,TAK
PPH4.16,49,13:37,Mederus Beta,17,,82.4,73.4,13:37:36.7,19.0,82.4,84.0,60.4,0.0,TAK
PPH4.16,50,13:39,Konstal 105N,25,,83.3,76.6,13:39:53.7,26.5,88.7,86.0,60.4,5.4,TAK
PPH4.16,51,13:39,Moderus Gamma,24,,87.4,76.6,13:39:53.7,26.5,88.7,86.0,60.4,1.3,TAK
PPH4.16,52,13:41,Solaris Tramino,15,,83.2,76.7,13:41:38.2,13.5,83.7,85.6,61.0,0.5,TAK
PPH4.16,53,13:41,Siemens Combino,24,,85.8,76.7,13:41:38.2,13.5,83.7,85.6,61.0,-2.1,TAK
PPH4.16,54,13:43,Moderus Gamma,22,,86.3,79.7,13:43:56.7,13.5,86.5,87.8,61.8,0.2,TAK
PPH4.16,55,13:46,Moderus Gamma,26,MIJANIE,,75.2,13:46:00.2,16.0,88.0,86.2,61.8,,NIE
PPH4.16,56,13:46,Solaris Tramino,24,MIJANIE,,75.2,13:46:00.2,16.0,88.0,86.2,61.8,,NIE
PPH4.16,57,13:49,Moderus Gamma,25,,87.8,73.0,13:49:00.7,41.0,88.9,82.5,60.9,1.1,NIE
PPH4.16,58,13:51,Moderus Gamma,29,,85.3,70.3,13:51:58.2,60.5,87.1,83.4,60.4,1.8,NIE
PPH4.16,59,13:51,Moderus Gamma,14,,85.6,70.3,13:51:58.2,60.5,87.1,83.4,60.4,1.5,NIE
PPH4.16,60,13:55,Moderus Gamma,22,,81.2,77.2,13:55:17.2,15.0,84.2,85.6,59.3,3.0,TAK
PPH4.16,61,13:56,Konstal 105N,10,,84.0,73.7,13:56:27.7,41.5,84.4,85.0,59.1,0.4,NIE
PPH4.16,62,13:57,Moderus Gamma,14,,85.2,77.2,13:57:42.7,14.0,85.2,86.7,59.0,-0.0,TAK
PPH4.16,63,13:59,Konstal 105N,21,,84.9,76.2,13:59:55.2,17.0,84.9,86.3,59.1,0.0,TAK
PPH4.16,64,14:01,Mederus Beta,22,,85.5,78.4,14:01:47.7,12.5,85.3,87.5,59.8,-0.2,TAK
PPH4.16,65,14:06,Solaris Tramino,14,MIJANIE,,75.1,14:06:19.2,15.0,83.2,85.7,59.8,,NIE
PPH4.16,66,14:06,Solaris Tramino,11,MIJANIE,,75.1,14:06:19.2,15.0,83.2,85.7,59.8,,NIE
PPH4.16,67,14:08,Moderus Gamma,16,,86.6,79.3,14:08:12.2,12.5,86.7,90.4,60.5,0.1,TAK
PPH4.16,68,14:10,Moderus Gamma,15,MIJANIE,,68.2,14:10:54.7,60.5,82.2,81.8,59.8,,NIE
PPH4.16,69,14:10,Moderus Gamma,15,MIJANIE,,68.2,14:10:54.7,60.5,82.2,81.8,59.8,,NIE
PPH4.16,70,14:12,Moderus Gamma,16,,82.0,77.9,14:12:04.2,16.0,85.7,86.5,60.7,3.7,TAK
PPH4.16,71,14:14,Mederus Beta,10,ZATRZYMANIE,,76.7,14:14:19.2,10.5,83.2,85.8,59.8,,NIE
PPH4.16,72,14:16,Moderus Gamma,24,,88.4,82.0,14:16:03.7,9.0,88.2,88.6,60.1,-0.2,TAK
PPH4.16,73,14:17,Siemens Combino,21,,84.9,79.8,14:17:19.7,8.0,84.4,89.1,59.5,-0.5,TAK
PPH4.16,74,14:17,Moderus Gamma,20,,85.9,79.8,14:17:19.7,8.0,84.4,89.1,59.5,-1.5,TAK
PPH4.16,75,14:19,Moderus Gamma,16,,84.9,77.2,14:19:24.2,18.5,85.1,86.5,60.5,0.2,TAK
PPH4.16,76,14:20,Moderus Gamma,14,,84.6,79.3,14:20:51.7,11.0,86.6,88.0,60.5,2.0,TAK
PPH4.16,77,14:22,Moderus Gamma,21,,88.2,81.7,14:22:46.2,10.5,88.0,89.2,61.4,-0.2,TAK
PPH4.16,78,14:26,Solaris Tramino,16,,85.1,78.3,14:26:51.7,13.5,85.5,87.1,60.5,0.4,TAK
PPH4.16,79,14:27,Moderus Gamma,25,ZAKŁÓCENIA,,73.3,14:27:31.7,16.5,79.6,82.3,60.0,,NIE
PPH4.16,80,14:28,Moderus Gamma,18,ZAKŁÓCENIA,,71.7,14:28:24.2,25.5,81.7,83.1,60.5,,NIE
PPH4.16,81,14:29,Moderus Gamma,14,,85.7,77.5,14:29:33.2,15.0,85.5,86.6,60.3,-0.2,TAK
PPH4.16,82,14:30,Konstal 105N,10,ZATRZYMANIE,,90.9,14:30:30.7,5.0,92.9,93.8,60.5,,NIE
PPH4.16,83,14:31,Moderus Gamma,14,,87.6,80.7,14:31:13.2,11.5,87.4,88.3,60.6,-0.2,TAK
PPH4.16,84,14:36,Mederus Beta,33,,86.4,78.4,14:36:23.2,12.0,86.1,87.5,59.0,-0.3,TAK
PPH4.16,85,14:37,Mederus Beta,26,,84.3,77.2,14:37:03.7,15.0,84.3,86.3,59.3,-0.0,TAK
PPH4.16,86,14:37,Konstal 105N,21,ZAKŁÓCENIA,,77.2,14:37:03.7,15.0,84.3,86.3,59.3,,NIE
PPH4.16,87,14:40,Moderus Gamma,20,,87.1,79.3,14:40:56.7,14.5,87.0,87.7,62.1,-0.1,TAK
PPH4.16,88,14:41,Siemens Combino,15,,84.6,76.9,14:41:27.7,16.0,84.8,87.7,62.1,0.2,TAK
PPH4.05,1,15:18,Konstal 105N,15,,70.5,73.0,15:18:30.3,18.5,81.0,82.5,57.9,10.5,TAK
PPH4.05,2,15:20,Konstal 105N,20,,70.3,73.7,15:20:41.3,18.0,81.2,82.4,58.3,10.9,TAK
PPH4.05,3,15:22,Moderus Gamma,21,,72.1,76.3,15:22:09.3,10.5,82.9,85.2,58.5,10.8,TAK
PPH4.05,4,15:28,Moderus Gamma,16,,70.0,73.1,15:28:02.8,27.0,82.4,84.0,58.0,12.4,TAK
PPH4.05,5,15:29,Moderus Gamma,25,,72.0,76.2,15:29:09.3,10.0,82.0,83.7,58.0,10.0,TAK
PPH4.05,6,15:31,Konstal 105N,30,,70.7,74.8,15:31:54.8,10.0,81.6,84.3,58.0,10.9,TAK
PPH4.05,7,15:32,Solaris Tramino,21,,72.7,75.9,15:32:50.8,14.0,82.7,85.8,59.1,10.0,TAK
PPH4.05,8,15:36,Moderus Gamma,36,,75.3,81.1,15:36:38.8,5.5,84.3,86.0,58.8,9.0,TAK
PPH4.05,9,15:37,Moderus Gamma,21,,71.3,75.5,15:37:54.8,13.0,82.1,83.4,58.0,10.8,TAK
PPH4.05,10,15:38,Moderus Gamma,10,,67.3,70.2,15:38:37.8,21.0,79.9,82.1,58.1,12.6,TAK
PPH4.05,11,15:41,Moderus Gamma,40,,74.0,69.4,15:41:30.8,33.0,80.6,82.2,58.4,6.6,NIE
PPH4.05,12,15:48,Konstal 105N,21,,66.3,93.2,15:48:09.3,3.0,94.8,96.0,59.3,28.5,NIE
PPH4.05,13,15:49,Moderus Gamma,22,,70.0,74.4,15:49:26.8,14.5,81.9,83.9,59.7,11.9,TAK
PPH4.05,14,15:51,Moderus Gamma,44,,74.4,75.5,15:51:31.3,0.5,72.5,82.0,60.3,-1.9,NIE
PPH4.05,15,15:55,Solaris Tramino,36,,69.1,73.6,15:55:39.8,10.0,79.8,83.0,59.2,10.7,TAK
PPH4.05,16,15:57,Moderus Gamma,24,,70.4,75.3,15:57:52.3,9.5,81.0,83.8,59.3,10.6,TAK
PPH4.05,17,15:58,Solaris Tramino,40,,73.5,77.5,15:58:54.3,8.5,83.4,85.8,59.4,9.9,TAK
PPH4.05,18,16:00,Moderus Gamma,44,,74.6,79.8,16:00:51.8,5.5,84.4,86.2,58.5,9.8,TAK
PPH4.05,19,16:01,Mederus Beta,35,,73.1,67.4,16:01:58.3,57.5,80.3,78.7,57.6,7.2,NIE
PPH4.05,20,16:04,Konstal 105N,40,,,71.2,16:04:55.3,60.5,90.9,83.2,58.2,,NIE
PPH4.05,21,16:06,Moderus Gamma,46,,72.2,76.7,16:06:52.8,8.0,82.7,85.1,57.3,10.5,TAK
PPH4.05,22,16:12,Moderus Gamma,49,,75.7,81.6,16:12:29.8,5.5,85.6,86.8,57.8,9.9,TAK
PPH4.05,23,16:15,Moderus Gamma,13,,70.3,70.1,16:15:32.8,51.5,81.9,82.2,59.2,11.6,NIE
PPH4.05,24,16:20,Solaris Tramino,21,,68.8,76.6,16:20:31.8,9.5,82.3,85.0,56.4,13.5,TAK
PPH4.05,25,16:20,Moderus Gamma,26,,71.7,76.6,16:20:31.8,9.5,82.3,85.0,56.4,10.6,TAK
PPH4.05,26,16:21,Konstal 105N,16,,,74.8,16:21:27.3,31.0,84.6,85.8,56.4,,NIE
PPH4.05,27,16:21,Moderus Gamma,25,,70.2,74.8,16:21:27.3,31.0,84.6,85.8,56.4,14.4,NIE
PPH4.05,28,16:26,Moderus Gamma,30,,73.3,78.1,16:26:51.8,6.5,83.3,85.6,59.3,10.0,TAK
PPH4.05,29,16:27,Mederus Beta,26,,,75.1,16:27:52.3,22.0,84.9,85.7,59.3,,NIE
PPH4.05,30,16:30,Konstal 105N,24,,71.7,72.6,16:30:37.3,1.0,70.1,77.6,56.2,-1.6,NIE
PPH4.05,31,16:33,Solaris Tramino,20,,70.8,75.5,16:33:21.8,16.0,82.0,83.7,58.5,11.2,TAK
PPH4.05,32,16:35,Konstal 105N,26,,70.2,74.6,16:35:14.8,8.5,80.7,83.0,58.5,10.5,TAK
PPH4.05,33,16:39,Moderus Gamma,39,,71.3,75.8,16:39:33.3,13.5,83.2,84.9,58.1,11.9,TAK
PPH4.05,34,16:41,Moderus Gamma,11,,69.4,69.4,16:41:20.3,10.0,75.2,79.8,58.7,5.8,TAK
PPH4.05,35,16:42,Konstal 105N,16,,73.5,76.7,16:42:50.3,20.5,84.7,86.4,59.5,11.2,TAK
PPH4.05,36,16:45,Moderus Gamma,20,,72.9,78.2,16:45:30.8,7.0,82.7,84.8,60.1,9.8,TAK
PPH4.05,37,16:46,Moderus Gamma,15,,70.5,72.9,16:46:24.8,18.5,81.3,82.8,60.0,10.8,TAK
PPH4.05,38,16:49,Konstal 105N,16,,71.7,75.5,16:49:08.8,11.5,82.5,84.8,60.0,10.8,TAK
PPH4.05,39,16:50,Moderus Gamma,12,,73.9,78.3,16:50:34.8,9.0,84.2,86.2,59.2,10.3,TAK
PPH4.05,40,16:57,Solaris Tramino,15,,,88.1,16:57:57.3,3.5,90.6,91.9,60.4,,NIE
PPH4.05,41,16:59,Moderus Gamma,18,,73.4,79.7,16:59:32.3,8.0,84.1,86.3,59.3,10.7,TAK
PPH4.05,42,17:01,Konstal 105N,26,,68.6,71.7,17:01:42.8,22.5,80.2,82.2,57.8,11.6,TAK
PPH4.05,43,17:02,Moderus Gamma,35,,71.9,71.1,17:02:26.3,24.0,80.4,81.5,57.9,8.5,TAK
PPH4.05,44,17:03,Moderus Gamma,24,,72.9,77.2,17:03:59.3,8.0,82.4,85.8,57.9,9.5,TAK
PPH4.05,45,17:06,Konstal 105N,36,,70.6,73.7,17:06:47.8,9.5,80.5,82.6,57.7,9.9,TAK
PPH4.05,46,17:11,Moderus Gamma,28,,73.2,71.3,17:11:07.3,29.0,79.4,81.4,59.4,6.2,TAK
PPH4.05,47,17:13,Konstal 105N,40,,71.8,75.2,17:13:15.8,12.0,81.9,84.0,58.8,10.1,TAK
PPH4.05,48,17:16,Moderus Gamma,48,,75.4,80.6,17:16:13.8,6.5,85.3,88.8,59.1,9.9,TAK
PPH4.05,49,17:17,Moderus Gamma,35,Zakłócenia,,70.2,17:17:33.8,35.5,81.3,82.8,58.2,,NIE
PPH4.05,50,17:20,Solaris Tramino,25,,71.6,75.4,17:20:25.8,9.0,81.1,84.5,58.2,9.5,TAK
PPH4.05,51,17:21,Moderus Gamma,36,,74.9,70.8,17:21:12.8,4.5,73.0,82.4,58.0,-1.9,TAK
PPH4.05,52,17:25,Moderus Gamma,35,,72.3,77.0,17:25:13.3,1.0,76.0,85.3,59.2,3.7,NIE
PPH4.05,53,17:27,Moderus Gamma,34,,72.4,76.5,17:27:45.8,19.5,84.1,87.1,57.0,11.7,TAK
PPH4.05,54,17:28,Moderus Gamma,30,,72.2,76.5,17:28:50.8,9.5,82.6,84.9,55.8,10.4,TAK
PPH4.05,55,17:31,Moderus Gamma,24,,71.6,75.8,17:31:36.8,1.0,73.6,84.4,54.9,2.0,NIE
PPH4.05,56,17:37,Konstal 105N,26,,68.7,74.3,17:37:52.3,7.5,78.1,83.9,59.0,9.4,TAK
PPH4.05,57,17:37,Konstal 105N,25,,,74.3,17:37:52.3,7.5,78.1,83.9,59.0,,NIE
PPH4.05,58,17:42,Moderus Gamma,29,,72.3,76.2,17:42:11.8,7.5,81.4,83.5,56.9,9.1,TAK
PPH4.05,59,17:42,Solaris Tramino,36,,69.8,76.2,17:42:11.8,7.5,81.4,83.5,56.9,11.6,TAK
PPH4.05,60,17:45,Moderus Gamma,34,,69.6,73.4,17:45:09.8,14.0,80.8,82.8,59.2,11.2,TAK
PPH4.05,61,17:49,Solaris Tramino,25,,75.9,68.0,17:49:45.3,60.5,81.4,80.6,58.3,5.5,NIE
PPH4.05,62,17:52,Mederus Beta,26,,71.7,77.7,17:52:22.3,8.0,83.3,85.2,57.3,11.6,TAK
PPH4.05,63,17:52,Moderus Gamma,30,,73.1,77.7,17:52:22.3,8.0,83.3,85.2,57.3,10.2,TAK
PPH4.05,64,17:55,Moderus Gamma,35,,73.5,78.4,17:55:32.8,9.0,84.0,85.5,56.4,10.5,TAK
PPH4.05,65,17:55,Konstal 105N,31,,72.4,78.4,17:55:32.8,9.0,84.0,85.5,56.4,11.6,TAK
PPH4.05,66,17:56,Moderus Gamma,32,,72.0,76.6,17:56:37.8,8.5,82.7,86.7,56.5,10.7,TAK
PPH4.05,67,18:01,Moderus Gamma,24,,74.7,66.2,18:01:21.8,39.5,78.9,79.5,57.4,4.2,NIE
PPH4.05,68,18:08,Konstal 105N,26,,70.1,72.8,18:08:14.3,25.5,81.5,83.1,60.0,11.4,TAK
PPH4.05,69,18:08,Moderus Gamma,35,,69.4,72.8,18:08:14.3,25.5,81.5,83.1,60.0,12.1,TAK
PPH4.05,70,18:10,Konstal 105N,29,,70.0,70.2,18:10:53.3,47.0,81.5,82.6,58.7,11.5,NIE
PPH4.05,71,18:14,Solaris Tramino,25,,67.8,72.3,18:14:33.8,27.0,82.2,84.8,58.6,14.4,TAK
PPH4.05,72,18:14,Moderus Gamma,15,,69.4,72.3,18:14:33.8,27.0,82.2,84.8,58.6,12.8,TAK
PPH4.05,73,18:19,Mederus Beta,16,,70.2,73.0,18:19:00.3,12.0,82.2,82.6,56.7,12.0,TAK
PPH4.05,74,18:22,Solaris Tramino,27,,69.8,78.6,18:22:42.8,12.0,83.2,87.7,56.4,13.4,TAK
PPH4.05,75,18:22,Moderus Gamma,26,,73.0,78.6,18:22:42.8,12.0,83.2,87.7,56.4,10.2,TAK
PPH4.05,76,18:26,Konstal 105N,14,,71.7,75.8,18:26:47.8,9.5,82.5,84.0,54.7,10.8,TAK
PPH4.05,77,18:29,Moderus Gamma,16,,73.0,79.9,18:29:43.8,7.0,84.7,86.0,57.6,11.7,TAK
PPH4.05,78,18:30,Moderus Gamma,45,,74.9,69.2,18:30:59.3,60.5,82.4,81.4,56.8,7.5,NIE
PPH4.05,79,18:33,Konstal 105N,44,,72.3,72.0,18:33:21.3,15.5,79.9,83.0,53.6,7.6,TAK
PPH4.05,80,18:35,Moderus Gamma,35,,,78.2,18:35:11.8,11.5,84.9,89.3,55.6,,NIE
PPH4.05,81,18:37,Konstal 105N,14,,,67.7,18:37:51.3,58.0,82.1,81.6,58.8,,NIE
PPH4.05,82,18:41,Moderus Gamma,49,,76.4,81.0,18:41:56.8,6.0,85.6,86.6,56.0,9.2,TAK
PPH4.05,83,18:44,Solaris Tramino,26,,68.4,73.1,18:44:22.3,11.0,80.2,83.1,57.4,11.8,TAK
PPH4.05,84,18:51,Moderus Gamma,15,,70.0,73.9,18:51:11.8,31.5,84.0,85.7,55.5,14.0,NIE
PPH4.05,85,18:51,Moderus Gamma,30,,69.0,73.9,18:51:11.8,31.5,84.0,85.7,55.5,15.0,NIE
PPH4.05,86,18:56,Moderus Gamma,45,,74.1,71.2,18:56:59.3,16.5,85.2,80.2,55.3,11.1,TAK
PPH4.05,87,18:57,Konstal 105N,30,,69.4,79.4,18:57:05.8,7.0,84.4,85.6,56.7,15.0,TAK
PPH4.05,88,19:04,Konstal 105N,5,,66.1,68.3,19:04:41.3,55.0,81.4,81.3,59.0,15.3,NIE
PPH4.05,89,19:05,Moderus Gamma,40,,75.3,78.1,19:05:22.8,7.0,83.5,86.1,59.5,8.2,TAK
